ymd,hmsmms,us_ns,value
2020/1/1,000000000,000000,0.993612014
2020/1/1,000000000,100000,0.248431747
2020/1/1,000000000,200000,0.252184397
2020/1/1,000000000,300000,0.597972225
2020/1/1,000000000,400000,0.497804102
2020/1/1,000000000,500000,0.028663765
