ymd,hmsmms,us_ns,value
2020/1/1,000000000,100000,3.248431747
2020/1/1,000000000,300000,1.597972225
2020/1/1,000000000,400000,2.497804102
2020/1/1,000000000,600000,8.028663765
2020/1/1,000000000,700000,0.028663765
